-- MySQL dump 10.13  Distrib 8.0.29, for Win64 (x86_64)
--
-- Host: localhost    Database: contables
-- ------------------------------------------------------
-- Server version	8.0.29

/*!40101 SET @OLD_CHARACTER_SET_CLIENT=@@CHARACTER_SET_CLIENT */;
/*!40101 SET @OLD_CHARACTER_SET_RESULTS=@@CHARACTER_SET_RESULTS */;
/*!40101 SET @OLD_COLLATION_CONNECTION=@@COLLATION_CONNECTION */;
/*!50503 SET NAMES utf8 */;
/*!40103 SET @OLD_TIME_ZONE=@@TIME_ZONE */;
/*!40103 SET TIME_ZONE='+00:00' */;
/*!40014 SET @OLD_UNIQUE_CHECKS=@@UNIQUE_CHECKS, UNIQUE_CHECKS=0 */;
/*!40014 SET @OLD_FOREIGN_KEY_CHECKS=@@FOREIGN_KEY_CHECKS, FOREIGN_KEY_CHECKS=0 */;
/*!40101 SET @OLD_SQL_MODE=@@SQL_MODE, SQL_MODE='NO_AUTO_VALUE_ON_ZERO' */;
/*!40111 SET @OLD_SQL_NOTES=@@SQL_NOTES, SQL_NOTES=0 */;

--
-- Table structure for table `asiento_contable`
--

DROP TABLE IF EXISTS `asiento_contable`;
/*!40101 SET @saved_cs_client     = @@character_set_client */;
/*!50503 SET character_set_client = utf8mb4 */;
CREATE TABLE `asiento_contable` (
  `numero_asiento` varchar(8) NOT NULL,
  `fecha` date NOT NULL,
  `glosa` varchar(150) NOT NULL,
  `estado` varchar(45) NOT NULL,
  `codigo_operacion` varchar(8) NOT NULL,
  `id_periodo` int NOT NULL,
  `codigo_usuario` int NOT NULL,
  `moneda` varchar(45) NOT NULL,
  `tipo_asiento` int NOT NULL,
  PRIMARY KEY (`numero_asiento`),
  KEY `fk_asiento_contable_periodo_contable` (`id_periodo`),
  KEY `fk_asiento_contable_usuario` (`codigo_usuario`),
  KEY `fk_asiento_contable_tipo_tipooperacion_idx` (`codigo_operacion`),
  CONSTRAINT `fk_asiento_contable_periodo_contable` FOREIGN KEY (`id_periodo`) REFERENCES `periodo_contable` (`id`),
  CONSTRAINT `fk_asiento_contable_tipooperacion` FOREIGN KEY (`codigo_operacion`) REFERENCES `tipo_operacion` (`codigo`),
  CONSTRAINT `fk_asiento_contable_usuario` FOREIGN KEY (`codigo_usuario`) REFERENCES `usuario` (`codigo`)
) ENGINE=InnoDB DEFAULT CHARSET=utf8mb4 COLLATE=utf8mb4_0900_ai_ci;
/*!40101 SET character_set_client = @saved_cs_client */;

--
-- Dumping data for table `asiento_contable`
--

LOCK TABLES `asiento_contable` WRITE;
/*!40000 ALTER TABLE `asiento_contable` DISABLE KEYS */;
INSERT INTO `asiento_contable` VALUES ('00000001','2022-01-01','ASIENTO DE APERTURA 2022','TERMINADO','0101',1,1,'SOLES',1),('01010001','2022-01-03','COMPRAS DE FUNDAS PARA CELULARES','TERMINADO','1201',1,1,'SOLES',2),('01010026','2022-01-03','VENTA DE CARGADORES TIPO USB-C','TERMINADO','1202',1,1,'SOLES',2),('01010038','2022-01-04','PAGO PROVEEDOR','TERMINADO','1003',1,1,'SOLES',2),('01010041','2022-01-03','COBRO DE FACTURA CLIENTE','TERMINADO','1003',1,1,'SOLES',2),('01140002','2022-01-06','SERVICIO DE AGUA POTABLE-ENERO','TERMINADO','1201',1,1,'SOLES',2),('01140003','2022-01-10','SERVICIO DE ENERGIA ELECTRICA-ENERO','TERMINADO','1201',1,1,'SOLES',2),('01140004','2022-01-12','SERVICIO DE INTERNET- ENERO','TERMINADO','1201',1,1,'SOLES',2),('02010008','2022-02-15','COMPRAS DE CARGADORES TIPO USB-C','TERMINADO','1201',1,1,'SOLES',2),('02010027','2022-02-02','VENTA DE MICAS PARA SAMSUNG','TERMINADO','1202',1,1,'SOLES',2),('02010039','2022-02-16','PAGO PROVEEDOR','TERMINADO','1003',1,1,'SOLES',2),('02010040','2022-02-02','COBRO DE FACTURA A CLIENTE','TERMINADO','1003',1,1,'SOLES',2),('02140005','2022-02-10','SERVICIO DE AGUA POTABLE- FEBRERO','TERMINADO','1201',1,1,'SOLES',2),('02140006','2022-02-13','SERVICIO DE ENERGIA ELECTRICA - FEBRERO','TERMINADO','1201',1,1,'SOLES',2),('02140007','2022-02-14','SERVICIO DE INTERNET- FEBRERO','TERMINADO','1201',1,1,'SOLES',2),('03010012','2022-03-12','COMPRAS MICAS PARA CELULARES SAMSUMG','TERMINADO','1201',1,1,'SOLES',2),('03010028','2022-03-03','VENTA DE MICAS PARA CELULAR IPHONE','TERMINADO','1202',1,1,'SOLES',2),('03010043','2022-03-10','COMPRA DE CABLES TIPO C','TERMINADO','1201',1,1,'SOLES',2),('03010044','2022-03-11','PAGO PROVEEDOR CABLE TIPO C','TERMINADO','1003',1,1,'SOLES',2),('03100010','2022-03-15','SERVICIO DE INTERNET- MARZO','TERMINADO','1201',1,1,'SOLES',2),('03140009','2022-03-11','SERVICIO DE AGUA POTABLE - MARZO','TERMINADO','1201',1,1,'SOLES',2),('03140011','2022-03-12','SERVICIO DE ENERGIA ELECTRICA- MARZO','TERMINADO','1201',1,1,'SOLES',2),('04010016','2022-04-15','COMPRAS DE MICA PARA CELULAR IPHONE','TERMINADO','1201',1,1,'SOLES',2),('04010029','2022-04-02','VENTA DE MICAS PARA CELULAR XIAOMI','TERMINADO','1202',1,1,'SOLES',2),('04010030','2022-05-01','VENTA DE MICAS PARA CELULAR HUAWEI','TERMINADO','1202',1,1,'SOLES',2),('04010042','2022-04-15','PAGO DE FACTURA PROVEEDOR','TERMINADO','1003',1,1,'SOLES',2),('04140013','2022-04-02','SERVICIO DE AGUA POTABLE - ABRIL','TERMINADO','1201',1,1,'SOLES',2),('04140014','2022-04-06','SERVICIO DE ENERGIA ELECTRICA - ABRIL','TERMINADO','1201',1,1,'SOLES',2),('04140015','2022-04-08','SERVICIO DE INTERNET - ABRIL','TERMINADO','1201',1,1,'SOLES',2),('05010017','2022-05-21','COMPRA DE MICAS PARA CELULAR XIAOMI','TERMINADO','1201',1,1,'SOLES',2),('05010020','2022-05-13','SERVICIO DE ENERGIA ELECTRICA - MAYO','TERMINADO','1201',1,1,'SOLES',2),('05140018','2022-05-11','SERVICIO DE AGUA POTABLE - MAYO','TERMINADO','1201',1,1,'SOLES',2),('05140019','2022-05-20','SERVICIO DE INTERNET - MAYO','TERMINADO','1201',1,1,'SOLES',2),('06010021','2022-06-14','COMPRAS MICAS PARA CELULARES HUAWEI','TERMINADO','1201',1,1,'SOLES',2),('06010031','2022-06-02','VENTA DE CARGADORES PARA IPHONE','TERMINADO','1202',1,1,'SOLES',2),('06140022','2022-06-13','SERVICIO DE AGUA POTABLE- JUNIO','TERMINADO','1201',1,1,'SOLES',2),('06140023','2022-06-16','SERVICIO DE INTERNET -  JUNIO','TERMINADO','1201',1,1,'SOLES',2),('06140024','2022-06-18','SERVICIO DE ENERGIA ELECTRICA - JUNIO','TERMINADO','1201',1,1,'SOLES',2),('07010025','2022-07-03','COMPRA DE MICAS PARA CELULARES IPHONE','TERMINADO','1201',1,1,'SOLES',2),('07010032','2022-07-02','VENTA DE FUNDAS PARA CELULARES','TERMINADO','1202',1,1,'SOLES',2),('08010033','2022-08-03','Venta de CARGADORES TIPO USB-C','TERMINADO','1202',1,1,'SOLES',2),('09010034','2022-09-02','VENTA DE MICAS PARA CELULAR SAMSUNG','TERMINADO','1202',1,1,'SOLES',2),('10010035','2022-10-04','VENTA DE MICAS PARA CELULAR IPHONE','TERMINADO','1202',1,1,'SOLES',2),('11010036','2022-11-03','VENTA DE MICAS PARA CELULAR XIAOMI','TERMINADO','1202',1,1,'SOLES',2),('12010037','2022-12-05','VENTA DE MICAS PARA CELULAR HUAWEI','TERMINADO','1202',1,1,'SOLES',2);
/*!40000 ALTER TABLE `asiento_contable` ENABLE KEYS */;
UNLOCK TABLES;

--
-- Table structure for table `clase_bien`
--

DROP TABLE IF EXISTS `clase_bien`;
/*!40101 SET @saved_cs_client     = @@character_set_client */;
/*!50503 SET character_set_client = utf8mb4 */;
CREATE TABLE `clase_bien` (
  `codigo` int NOT NULL,
  `nombre` varchar(90) NOT NULL,
  PRIMARY KEY (`codigo`)
) ENGINE=InnoDB DEFAULT CHARSET=utf8mb4 COLLATE=utf8mb4_0900_ai_ci;
/*!40101 SET character_set_client = @saved_cs_client */;

--
-- Dumping data for table `clase_bien`
--

LOCK TABLES `clase_bien` WRITE;
/*!40000 ALTER TABLE `clase_bien` DISABLE KEYS */;
INSERT INTO `clase_bien` VALUES (1,'MARCADERIAS,MP,SUMINISTRO,ENVASES Y EMBALAJES'),(2,'ACTIVO FIJO'),(3,'OTROS ACTIVOS NO CONSIDERADOS EN 1 Y 2'),(4,'GASTOS DE EDU,RECRE,SALUD,CULT,REPRE,CAPAC,VIAJE,MANT'),(5,'OTROS GASTOS NO INCLUIDOS EN NUMERAL 4');
/*!40000 ALTER TABLE `clase_bien` ENABLE KEYS */;
UNLOCK TABLES;

--
-- Table structure for table `cuenta_contable`
--

DROP TABLE IF EXISTS `cuenta_contable`;
/*!40101 SET @saved_cs_client     = @@character_set_client */;
/*!50503 SET character_set_client = utf8mb4 */;
CREATE TABLE `cuenta_contable` (
  `numero` int NOT NULL,
  `nombre` varchar(90) NOT NULL,
  `moneda` varchar(45) DEFAULT NULL,
  `entidad_bancaria` varchar(45) DEFAULT NULL,
  `cuenta_banco` varchar(45) DEFAULT NULL,
  PRIMARY KEY (`numero`)
) ENGINE=InnoDB DEFAULT CHARSET=utf8mb4 COLLATE=utf8mb4_0900_ai_ci;
/*!40101 SET character_set_client = @saved_cs_client */;

--
-- Dumping data for table `cuenta_contable`
--

LOCK TABLES `cuenta_contable` WRITE;
/*!40000 ALTER TABLE `cuenta_contable` DISABLE KEYS */;
INSERT INTO `cuenta_contable` VALUES (10,'EFECTIVO Y EQUIVALENTE EN EFECTIVO',NULL,NULL,NULL),(12,'CUENTAS POR COBRAR COMERCIALES-TERCEROS',NULL,NULL,NULL),(13,'CUENTAS POR COBRAR COMERCIALES-RELACIONADAS',NULL,NULL,NULL),(14,'CUENTAS POR COBRAR AL PERSONAL, ACCIONISTAS(SOCIOS) Y DIRECTORES',NULL,NULL,NULL),(16,'CUENTAS POR COBRAR DIVERRSAS-TERCEROS',NULL,NULL,NULL),(17,'CUENTAS POR COBRAR DIVERSAS-RELACIONADAS',NULL,NULL,NULL),(18,'SERVICIOS Y OTROS CONTRATADOS POR ANTICIPADO',NULL,NULL,NULL),(20,'MERCADERIAS',NULL,NULL,NULL),(25,'MATERIALES AUXILIARES, SUMINISTROS Y REPUESTOS',NULL,NULL,NULL),(26,'ENVASES Y EMBALAJES',NULL,NULL,NULL),(27,'ACTIVOS NO CORRIENTES MANTENIDOS PARA LA VENTA',NULL,NULL,NULL),(28,'INVENTARIOS POR RECIBIR',NULL,NULL,NULL),(29,'DESVALORIZACION DE INVENTARIOS',NULL,NULL,NULL),(30,'INIVERSIONES MOBILIRIAS',NULL,NULL,NULL),(40,'TRIBUTOS, CONTRAPRESTACIONES... ',NULL,NULL,NULL),(41,'REMUNERACIONES Y PARTICIPACIONES POR PAGAR',NULL,NULL,NULL),(42,'CUENTAS POR PAGAR COMERCIALES TERCEROS',NULL,NULL,NULL),(46,'CUENTAS POR PAGAR DIVERSAS-TERCEROS',NULL,NULL,NULL),(50,'CAPITAL',NULL,NULL,NULL),(59,'RESULTADOS ACUMULADOS',NULL,NULL,NULL),(60,'COMPRAS',NULL,NULL,NULL),(61,'VARIACIÓN DE EXISTENCIAS',NULL,NULL,NULL),(62,'GASTOS DE PERSONAL, DIRECTORES Y GERENTES',NULL,NULL,NULL),(63,'GASTOS DE SERVICIOS PRESTADOS POR TERCEROS',NULL,NULL,NULL),(67,'GASTOS FINANCIEROS',NULL,NULL,NULL),(70,'VENTAS',NULL,NULL,NULL),(77,'INGRESOS FINANCIEROS',NULL,NULL,NULL),(79,'CARGAS IMPUTABLES A CUENTAS DE COSTOS Y GASTOS',NULL,NULL,NULL),(80,'MARGEN COMERCIAL',NULL,NULL,NULL),(82,'VALOR AGREGADO',NULL,NULL,NULL),(83,'EXCEDENTE BRUTO (INSUFICIENCIA BRUTA) DE EXPLOTACIÓN',NULL,NULL,NULL),(84,'RESULTADO DE EXPLOTACIÓN',NULL,NULL,NULL),(85,'RESULTADO ANTES DE PARTICIPACIONES E IMPUESTOS',NULL,NULL,NULL),(88,'IMPUESTO A LA RENTA',NULL,NULL,NULL),(89,'DETERMINACIÓN DEL RESULTADO DEL EJERCICIO',NULL,NULL,NULL),(94,'GASTOS ADMINISTRATIVOS',NULL,NULL,NULL),(97,'DIFERENCIAS DE INCORPORACIÓN',NULL,NULL,NULL),(101,'CAJA',NULL,NULL,NULL),(102,'FONDOS FIJOS',NULL,NULL,NULL),(103,'EFECTIVO Y CHEQUES EN TRANSITO',NULL,NULL,NULL),(104,'CUENTAS CORRIENTES EN INSTITUCIONES FINANCIERAS',NULL,NULL,NULL),(105,'OTROS EQUIVALENTES DE EFECTIVO',NULL,NULL,NULL),(106,'DEPOSITOS EN INSTITUCIONES FINANCIERAS',NULL,NULL,NULL),(121,'FACTURAS,BOLETAS Y OTROS COMPROBANTES POR COBRAR',NULL,NULL,NULL),(122,'ANTICIPIOS DE CLIENTES','',NULL,NULL),(123,'LETRAS POR COBRAR',NULL,NULL,NULL),(131,'FACTURAS,BOLETAS Y OTROS COMPROBANTES POR COBRAR',NULL,NULL,NULL),(132,'ANTICIPOS RECIBIDOS',NULL,NULL,NULL),(133,'LETRAS POR COBRAR',NULL,NULL,NULL),(141,'PERSONAL',NULL,NULL,NULL),(161,'PRESTAMOS',NULL,NULL,NULL),(162,'RECLAMACIONES A TERCEROS',NULL,NULL,NULL),(163,'INTERESES,REGALIAS Y DIVIDENDOS',NULL,NULL,NULL),(164,'DEPOSITOS OTORGADOS EN GARANTIA',NULL,NULL,NULL),(165,'VENTA DE ACTIVO INMOVILIZADO',NULL,NULL,NULL),(167,'TRIBUTOS POR ACREDITAR',NULL,NULL,NULL),(169,'OTRAS CUENTAS POR COBRAR DIVERSAS',NULL,NULL,NULL),(171,'PRESTAMOS',NULL,NULL,NULL),(173,'INTERESES, REGALIAS Y DIVIDENDOS',NULL,NULL,NULL),(174,'DEPOSITOS OTROGADOS EN GARANTIA',NULL,NULL,NULL),(175,'VENTA DE ACTIVO INMOVILIZADO',NULL,NULL,NULL),(181,'COSTOS FINANCIEROS',NULL,NULL,NULL),(182,'SEGUROS',NULL,NULL,NULL),(183,'ALQUILERES',NULL,NULL,NULL),(184,'PRIMAS PAGADAS POR OPCIONES',NULL,NULL,NULL),(185,'MANTENIMIENTO DE ACTIVOS INMOVILIZADOS',NULL,NULL,NULL),(189,'OTROS GASTOS CONTRATADOS POR ANTICIPADO',NULL,NULL,NULL),(201,'MERCADERIAS',NULL,NULL,NULL),(251,'MATERIALES AUXILIARES',NULL,NULL,NULL),(252,'SUMINISTROS',NULL,NULL,NULL),(253,'REPUESTOS',NULL,NULL,NULL),(261,'ENVASES',NULL,NULL,NULL),(262,'EMBALAJES',NULL,NULL,NULL),(271,'PROPIEDADES DE INVERSION',NULL,NULL,NULL),(272,'PROPIEDAD, PLANTA Y EQUIPO',NULL,NULL,NULL),(273,'INTANGIBLES',NULL,NULL,NULL),(274,'ACTIVOS BIOLOGICOS',NULL,NULL,NULL),(275,'DEPRECIACION ACUMULADA-PROPIEDADES DE INVERSION',NULL,NULL,NULL),(276,'DEPRECIACION ACUMULADA-PROPIEDAD,PLANTA Y EQUIPO',NULL,NULL,NULL),(277,'AMORTIZACION ACUMULADA-INTANGIBLES',NULL,NULL,NULL),(278,'DEPRECIACION ACUMULADA-ACTIVOS BIOLOGICOS',NULL,NULL,NULL),(279,'DESVALORIZACION ACUMULADA',NULL,NULL,NULL),(281,'MERCADERIAS',NULL,NULL,NULL),(285,'MATERIALES AUXILIARES, SUMINISTROS Y REPUESTOS',NULL,NULL,NULL),(286,'ENVASES Y EMBALAJES',NULL,NULL,NULL),(291,'MERCADERIAS',NULL,NULL,NULL),(294,'PRODUCTOS EN PROCESO',NULL,NULL,NULL),(295,'MATERIAS PRIMAS','',NULL,NULL),(296,'MATERIALES AUXILIARES, SUMINISTROS Y RESPUESTOS',NULL,NULL,NULL),(297,'ENVASES Y EMBALAJES',NULL,NULL,NULL),(298,'EXISTENCIAS POR RECIBIR',NULL,NULL,NULL),(401,'GOBIERNO CENTRAL',NULL,NULL,NULL),(403,'INSTITUCIONES PUBLICAS',NULL,NULL,NULL),(411,'REMUNERACIONES POR PAGAR',NULL,NULL,NULL),(421,'FACTURAS BOLETAS Y OTROS...',NULL,NULL,NULL),(422,'ANTICIPOS A PROVEEDORES',NULL,NULL,NULL),(423,'LETRAS POR PAGAR',NULL,NULL,NULL),(424,'HONORARIOS POR PAGAR',NULL,NULL,NULL),(461,'RECLAMACIONES DE TERCEROS',NULL,NULL,NULL),(464,'PASIVOS POR INSTRUMENTOS FINANCIEROS',NULL,NULL,NULL),(465,'PASIVOS POR COMPRA DE ACTIVO INMOVILIZADO',NULL,NULL,NULL),(466,'PARTICIPACION DE TERCEROS EN ACUERDOS CONJUNTOS',NULL,NULL,NULL),(467,'DEPOSITOS RECIBIDOS EN GARANTIA',NULL,NULL,NULL),(469,'OTRAS CUENTAS POR PAGAR DIVERSAS',NULL,NULL,NULL),(501,'CAPITAL SOCIAL',NULL,NULL,NULL),(591,'UTILIDADES NO DISTRIBUIDAS',NULL,NULL,NULL),(601,'MERCADERIAS',NULL,NULL,NULL),(611,'MERCADERIAS',NULL,NULL,NULL),(621,'REMUNERACIONES',NULL,NULL,NULL),(627,'SEGURIDAD, PREVISION SOCIAL Y OTRAS CONTRIBUCIONES',NULL,NULL,NULL),(636,'SERVICIOS BASICOS',NULL,NULL,NULL),(676,'DIFERENCIA DE CAMBIO',NULL,NULL,NULL),(701,'MERCADERIAS',NULL,NULL,NULL),(776,'DIFERENCIA DE CAMBIO',NULL,NULL,NULL),(791,'CARGAS IMPUTABLES A CUENTAS DE COSTOS Y GASTOS','',NULL,NULL),(792,'GASTOS FINANCIEROS IMPUTABLES A CUENTAS DE EXISTENCIAS',NULL,NULL,NULL),(801,'MARGEN COMERCIAL',NULL,NULL,NULL),(821,'VALOR AGREGADO',NULL,NULL,NULL),(831,'EXCEDENTE BRUTO (INSUFICIENCIA BRUTA) DE EXPLOTACIÓN',NULL,NULL,NULL),(841,'RESULTADO DE EXPLOTACIÓN',NULL,NULL,NULL),(851,'RESULTADO ANTES DE PARTICIPACIONES E IMPUESTOS',NULL,NULL,NULL),(881,'IMPUESTO A LA RENTA-CORRIENTE',NULL,NULL,NULL),(891,'UTILIDAD',NULL,NULL,NULL),(941,'GASTOS ADMINISTRATIVOS',NULL,NULL,NULL),(977,'DIFERENCIAS SOBRE PERDIDAS Y GANANCIAS',NULL,NULL,NULL),(1011,'CAJA',NULL,NULL,NULL),(1031,'EFECTIVO EN TRANSITO',NULL,NULL,NULL),(1032,'CHEQUES EN TRANSITO',NULL,NULL,NULL),(1041,'CUENTAS CORRIENTES OPERATIVAS',NULL,NULL,NULL),(1042,'CUENTAS CORRIENTES PARA FINES ESPECIFICOS',NULL,NULL,NULL),(1061,'DESPOSITO DE AHORRO',NULL,NULL,NULL),(1062,'DEPOSITO A PLAZO',NULL,NULL,NULL),(1211,'NO EMITIDAS',NULL,NULL,NULL),(1212,'EMITIDAS EN CARTERA',NULL,NULL,NULL),(1213,'EN COBRANZA',NULL,NULL,NULL),(1214,'EN DESCUENTO',NULL,NULL,NULL),(1232,'EN CARTERA',NULL,NULL,NULL),(1233,'EN COBRANZA',NULL,NULL,NULL),(1234,'EN DESCUENTO',NULL,NULL,NULL),(1311,'NO EMITIDAS',NULL,NULL,NULL),(1312,'EN CARTERA',NULL,NULL,NULL),(1313,'EN COBRANZA',NULL,NULL,NULL),(1314,'EN DESCUENTO',NULL,NULL,NULL),(1331,'EN CARTERA',NULL,NULL,NULL),(1332,'EN COBRANZA',NULL,NULL,NULL),(1333,'EN DESCUENTO',NULL,NULL,NULL),(1411,'PRESTAMOS',NULL,NULL,NULL),(1412,'ADELANTO DE REMUNERACIONES',NULL,NULL,NULL),(1413,'ENTREGAS A RENDIR CUENTAS',NULL,NULL,NULL),(1419,'OTRAS CUENTAS POR COBRAR AL PERSONAL',NULL,NULL,NULL),(1611,'CON GARANTIA',NULL,NULL,NULL),(1612,'SIN GARANTIA',NULL,NULL,NULL),(1621,'COMPAÑIAS ASEGURADORAS',NULL,NULL,NULL),(1622,'TRANSPORTADORAS',NULL,NULL,NULL),(1623,'SERVICIOS PUBLICOS',NULL,NULL,NULL),(1624,'TRIBUTOS',NULL,NULL,NULL),(1629,'OTRAS',NULL,NULL,NULL),(1631,'INTERESES',NULL,NULL,NULL),(1632,'REGALIAS',NULL,NULL,NULL),(1633,'DIVIDENDOS',NULL,NULL,NULL),(1641,'PRESTAMOS DE INSTITUCIONES FINANCIERAS',NULL,NULL,NULL),(1642,'PRESTAMOS DE INSTITUCIONES NO FINANCIERAS',NULL,NULL,NULL),(1643,'DEPOSITOS EN GARANTIA POR ALQUILERES',NULL,NULL,NULL),(1651,'INVERSION MOBILIARIA',NULL,NULL,NULL),(1652,'PROPIEDADES DE INVERSION',NULL,NULL,NULL),(1653,'PROPIEDAD, PLANTA Y EQUIPO',NULL,NULL,NULL),(1654,'INTANGIBLES',NULL,NULL,NULL),(1655,'ACTIVOS BIOLOGICOS',NULL,NULL,NULL),(1671,'PAGOS A CUENTA DEL IMPUESTO A LA RENTA',NULL,NULL,NULL),(1672,'PAGOS A CUENTA DE ITAN',NULL,NULL,NULL),(1673,'IGV POR ACREDITAR EN COMPRAS',NULL,NULL,NULL),(1674,'IGV POR ACREDITAR NO DOMICILIADOS',NULL,NULL,NULL),(1675,'OBRAS POR IMPUESTOS',NULL,NULL,NULL),(1691,'ENTREGAS A RENDIR CUENTA A TERCEROS',NULL,NULL,NULL),(1699,'OTRAS CUENTAS POR COBRAR DIVERSAS',NULL,NULL,NULL),(1711,'CON GARANTIA',NULL,NULL,NULL),(1712,'SIN GARANTIA',NULL,NULL,NULL),(1731,'INTERESES',NULL,NULL,NULL),(1732,'REGALIAS',NULL,NULL,NULL),(1733,'DIVIDENDOS',NULL,NULL,NULL),(1741,'PRESTAMOS DE INSTITUCIONES FINANCIERAS',NULL,NULL,NULL),(1742,'PRESTAMOS DE INSTITUCIONES NO FINANCIERAS',NULL,NULL,NULL),(1743,'DEPOSITOS EN GARANTIA POR ALQUILERES',NULL,NULL,NULL),(1751,'INVERSION MOBILIARIA',NULL,NULL,NULL),(1752,'PROPIEDADES DE INVERSION',NULL,NULL,NULL),(1753,'PROPIEDAD, PLANTA Y EQUIPO',NULL,NULL,NULL),(1754,'INTANGIBLES',NULL,NULL,NULL),(2011,'MERCADERIAS',NULL,NULL,NULL),(2521,'COMBUSTIBLES',NULL,NULL,NULL),(2522,'LUBRICANTES',NULL,NULL,NULL),(2523,'ENERGIA',NULL,NULL,NULL),(2524,'OTROS SUMINISTROS',NULL,NULL,NULL),(2911,'MERCADERIAS',NULL,NULL,NULL),(2941,'PRODUCTOS EN PROCESO',NULL,NULL,NULL),(2945,'INVENTARIO DE SERVICIOS EN PROCESO',NULL,NULL,NULL),(2951,'MATERIAS PRIMAS',NULL,NULL,NULL),(2961,'MATERIALES AUXILIARES',NULL,NULL,NULL),(2962,'SUMINISTROS',NULL,NULL,NULL),(2963,'RESPUESTOS',NULL,NULL,NULL),(2971,'ENVASES',NULL,NULL,NULL),(2972,'EMBALAJES',NULL,NULL,NULL),(2981,'MERCADERIAS',NULL,NULL,NULL),(2982,'MATERIAS PRIMAS',NULL,NULL,NULL),(2983,'MATERIALES AUXILIARES, SUMINISTROS Y REPUESTOS',NULL,NULL,NULL),(2984,'ENVASES Y EMBALAJES',NULL,NULL,NULL),(4011,'IMPUESTO GENERAL A LAS VENTAS',NULL,NULL,NULL),(4017,'IMPUESTO A LA RENTA',NULL,NULL,NULL),(4031,'INSTITUCIONES PUBLICAS',NULL,NULL,NULL),(4111,'SUELDOS Y SALARIOS POR PAGAR',NULL,NULL,NULL),(4211,'NO EMITIDAS',NULL,NULL,NULL),(4212,'EMITIDAS',NULL,NULL,NULL),(4641,'INSTRUMENTOS FINANCIEROS PRIMARIOS',NULL,NULL,NULL),(4642,'INSTRUMENTOS FINANCIEROS DERIVADOS',NULL,NULL,NULL),(5011,'ACCIONES',NULL,NULL,NULL),(5911,'UTILIDADES ACUMULADAS',NULL,NULL,NULL),(6011,'MERCADERIAS MANUFACTURADAS',NULL,NULL,NULL),(6111,'MERCADERIAS MANUFACTURADAS',NULL,NULL,NULL),(6211,'SUELDOS Y SALARIOS',NULL,NULL,NULL),(6271,'REGIMEN DE PRESTACIONES DE SALUD',NULL,NULL,NULL),(6361,'ENERGIA ELECTRICA',NULL,NULL,NULL),(6362,'AGUA POTABLE','',NULL,NULL),(6363,'INTERNET',NULL,NULL,NULL),(6761,'DIFERENCIA DE CAMBIO','',NULL,NULL),(7012,'MERCADERIAS VENTA LOCAL',NULL,NULL,NULL),(7761,'DIFERENCIA CAMBIO DOLARES','',NULL,NULL),(7762,'DIFERENCIA CAMBIO SOLES','',NULL,NULL),(7911,'CARGAS IMPUTABLES A CUENTAS DE COSTOS Y GASTOS',NULL,NULL,NULL),(7921,'GASTOS FINANCIEROS IMPUTABLES A CUENTAS DE INVENTARIOS',NULL,NULL,NULL),(8011,'MARGEN COMERCIAL',NULL,NULL,NULL),(8211,'VALOR AGREGADO',NULL,NULL,NULL),(8311,'EXCEDENTE BRUTO (INSUFICIENCIA BRUTA) DE EXPLOTACIÓN',NULL,NULL,NULL),(8411,'RESULTADO DE EXPLOTACIÓN',NULL,NULL,NULL),(8511,'RESULTADO ANTES DE PARTICIPACIONES E IMPUESTOS',NULL,NULL,NULL),(8811,'IMPUESTO A LA RENTA-CORRIENTE',NULL,NULL,NULL),(8911,'UTILIDAD',NULL,NULL,NULL),(9411,'GASTOS ADMINISTRATIVOS-LUZ',NULL,NULL,NULL),(9412,'GASTOS ADMINISTRATIVOS-BENEFICIOS SOCIALES',NULL,NULL,NULL),(9413,'GASTOS ADMINISTRATIVOS-AGUA',NULL,NULL,NULL),(9414,'GASTOS ADMINISTRATIVOS-INTERNET',NULL,NULL,NULL),(9415,'GASTOS ADMINISTRATIVOS-TELEFONIA',NULL,NULL,NULL),(9771,'DIFERENCIA DE CAMBIO',NULL,NULL,NULL),(10111,'CAJA M.N.','SOLES',NULL,NULL),(10411,'BANCO BCP','SOLES','2','470726182711'),(10412,'BANCO INTERBANK','SOLES','3','475992837333'),(10413,'BANCO SCOTIABANK','SOLES','9','003093838738'),(10414,'BANCO BBVA','SOLES','11','090383877383'),(12121,'EMITIDAS - COMPUTRONICK ','SOLES',NULL,NULL),(12122,'EMITIDAS - iMPORTACIONES DAVID','SOLES',NULL,NULL),(12123,'EMITIDAS - MINORISTA LR','SOLES',NULL,NULL),(12124,'EMITIDAS - DANA COMUNICACIONES','SOLES',NULL,NULL),(12125,'EMITIDAS - PERSONAS NATURALES','SOLES',NULL,NULL),(20111,'COSTOS','SOLES',NULL,NULL),(20114,'VALOR RAZONABLE','SOLES',NULL,NULL),(29111,'FUNDAS PARA CELULARES','SOLES',NULL,NULL),(29411,'CUBIERTAS DE FUNDAS','SOLES',NULL,NULL),(40111,'IGV-CUENTA PROPIA','SOLES',NULL,NULL),(40173,'RENTA DE QUINTA CATEGORIA','SOLES',NULL,NULL),(40311,'INSTITUCIONES PUBLICAS-ESSALUD',NULL,NULL,NULL),(40312,'INSTITUCIONES PUBLICAS-ONP','SOLES',NULL,NULL),(41111,'SUELDOS Y SALARIOS POR PAGAR','SOLES',NULL,NULL),(42121,'EMITIDAS - TECNOMASTER','SOLES',NULL,NULL),(42122,'EMITIDAS - IMPORTACIONES DAVID','SOLES',NULL,NULL),(42123,'EMITIDAS - MM ASOCIADOS','SOLES',NULL,NULL),(42124,'EMITIDAS - IMPORTACIONES MLF S.A.C.','SOLES',NULL,NULL),(42125,'EMITIDAS-CNEL','SOLES',NULL,NULL),(42126,'EMITIDAS-EPSEL','SOLES',NULL,NULL),(42127,'EMITIDAS-MOVISTAR','SOLES',NULL,NULL),(46421,'CARTERA DE NEGOCIACION','SOLES',NULL,NULL),(46422,'INSTRUMENTOS DE COBERTURA','SOLES',NULL,NULL),(50111,'CAPITAL SOCIAL - ACCIONES','SOLES',NULL,NULL),(59111,'UTILIDADES ACUMULADAS MN','SOLES',NULL,NULL),(60111,'FUNDAS PARA CELULARES','SOLES',NULL,NULL),(60112,'CARGADORES TIPO USB-C','SOLES',NULL,NULL),(60113,'MICAS PARA CELULAR SAMSUNG','SOLES',NULL,NULL),(60114,'MICAS PARA CELULAR IPHONE','SOLES',NULL,NULL),(60115,'MICAS PARA CELULAR XIAOMI','SOLES',NULL,NULL),(60116,'MICAS PARA CELULAR HUAWEI','SOLES',NULL,NULL),(60117,'AURICULARES PARA IPHONE','SOLES',NULL,NULL),(60118,'CARGADORES PARA IPHONE','SOLES',NULL,NULL),(60119,'CARGADORES PARA ANDROID TIPO USB-A','SOLES',NULL,NULL),(61111,'MERCADERIAS','SOLES',NULL,NULL),(62111,'SUELDOS Y SALARIOS-ADMINISTRACION','SOLES',NULL,NULL),(62712,'REGIMEN DE PRESTACIONES DE SALUD-ADM','SOLES',NULL,NULL),(63611,'CNEL','SOLES',NULL,NULL),(63621,'EPSEL','SOLES',NULL,NULL),(63631,'MOVISTAR','SOLES',NULL,NULL),(67611,'DIFERENCIA DE CAMBIO DOLARES','DOLARES',NULL,NULL),(70121,'TERCEROS','SOLES',NULL,NULL),(79111,'CARGAS IMPUTABLES A CUENTAS DE COSTOS Y GASTOS','SOLES',NULL,NULL),(79112,'CARGAS IMPUTABLES A CUENTAS DE COSTOS Y GASTOS DE ADMINISTRACION','SOLES',NULL,NULL),(79211,'GASTOS FINANCIEROS IMPUTABLES A CUENTAS DE INVENTARIOS','DOLARES',NULL,NULL),(80111,'MARGEN COMERCIAL','SOLES',NULL,NULL),(82111,'VALOR AGREGADO','SOLES',NULL,NULL),(83111,'EXCEDENTE BRUTO (INSUFICIENCIA BRUTA) DE EXPLOTACIÓN','SOLES',NULL,NULL),(84111,'RESULTADO DE EXPLOTACIÓN','SOLES',NULL,NULL),(85111,'RESULTADO ANTES DE PARTICIPACIONES E IMPUESTOS','SOLES',NULL,NULL),(88111,'IMPUESTO A LA RENTA-CORRIENTE','SOLES',NULL,NULL),(89111,'UTILIDAD','SOLES',NULL,NULL),(94111,'GASTOS ADMINISTRATIVOS-LUZ CNEL','SOLES',NULL,NULL),(94121,'GASTOS ADMINISTRATIVOS-BENEFICIOS SOCIALES DE LOS TRABAJADORES','SOLES',NULL,NULL),(94122,'GASTOS ADMINISTRATIVOS-REMUNERACIONES','SOLES',NULL,NULL),(97711,'DIFERENCIA DE CAMBIO','DOLARES',NULL,NULL);
/*!40000 ALTER TABLE `cuenta_contable` ENABLE KEYS */;
UNLOCK TABLES;

--
-- Table structure for table `cuenta_corriente`
--

DROP TABLE IF EXISTS `cuenta_corriente`;
/*!40101 SET @saved_cs_client     = @@character_set_client */;
/*!50503 SET character_set_client = utf8mb4 */;
CREATE TABLE `cuenta_corriente` (
  `numero_identi` varchar(45) NOT NULL,
  `denominacion` varchar(45) NOT NULL,
  `pais` varchar(45) NOT NULL,
  `direccion` varchar(45) NOT NULL,
  `id_tipoiden` varchar(4) NOT NULL,
  PRIMARY KEY (`numero_identi`),
  UNIQUE KEY `numero_identi_UNIQUE` (`numero_identi`),
  KEY `fk_cuenta_corriente_tipo_identificacion` (`id_tipoiden`),
  CONSTRAINT `fk_tipo_identificacion_cuenta_corriente` FOREIGN KEY (`id_tipoiden`) REFERENCES `tipo_identificacion` (`codigo`)
) ENGINE=InnoDB DEFAULT CHARSET=utf8mb4 COLLATE=utf8mb4_0900_ai_ci;
/*!40101 SET character_set_client = @saved_cs_client */;

--
-- Dumping data for table `cuenta_corriente`
--

LOCK TABLES `cuenta_corriente` WRITE;
/*!40000 ALTER TABLE `cuenta_corriente` DISABLE KEYS */;
INSERT INTO `cuenta_corriente` VALUES ('01823483','Milagro Ordoñez Salada','Peru','Av. Tijeras 247-251','01'),('02416845','Jesus Andres Lujan Carrion','Peru','Calle las Fresias 199','01'),('10198273192','Computronick ','Peru','Calle Diamelas 422','06'),('104446665552','Importaciones MLF S.A.C.','Peru','Av. San Borja 882','06'),('10787787822','Importaciones David','Peru','Calle Luis G. 998','06'),('10828374453','Distribuidora TecnoMaster','Peru','Av. Pedro Ruiz 539','06'),('10888278379','MM Asociados','Peru','Av. Jose L. O. 128','06'),('109898333926','Minorista LR','Peru','Av. Leguia 101','06'),('10992266333','Dana Comunicaciones','Peru','Av Lora 281','06'),('14750147522','Banco de la Nacion','Peru','Av. Ramon Castilla 320','06'),('3452135255','BANCO INTERBANK','Peru','Calle Elias Aguirre 576','06'),('4235412355','ONP','Peru','Calle Tacna 451','06'),('4235412632','RENTA 5TA CATEGORIA','Peru','Av.Balta 442','06'),('43123151243','ESSALUD','Peru','Av.Balta 234','06'),('47521458963','MOVISTAR','Peru','Calle jayanca 478','06'),('47586957578','EPSEL','Peru','Calle Gargolandia 123','06'),('750435672444','BANCO PICHINCHA','Peru','Calle Lora Lora 656','06'),('75068672444','CNEL','Peru','Calle Tarapaca 356','06'),('75639817','Carlos Rojas Rivera','Peru','Calle B. Leguia 628','01'),('79820929','Maria Maco Lora','Peru','Calle Tarata 102 ','01'),('9452135255','BANCO SCOTIABANK','Peru','Calle Juan Maldonado 453','06');
/*!40000 ALTER TABLE `cuenta_corriente` ENABLE KEYS */;
UNLOCK TABLES;

--
-- Table structure for table `destino_compra`
--

DROP TABLE IF EXISTS `destino_compra`;
/*!40101 SET @saved_cs_client     = @@character_set_client */;
/*!50503 SET character_set_client = utf8mb4 */;
CREATE TABLE `destino_compra` (
  `cuenta_origen` int NOT NULL,
  `cuenta_cargo` int DEFAULT NULL,
  `cuenta_abono` int DEFAULT NULL,
  PRIMARY KEY (`cuenta_origen`),
  KEY `fk_destino_compra_cuenta_contable1` (`cuenta_cargo`),
  KEY `fk_destino_compra_cuenta_contable2` (`cuenta_abono`),
  CONSTRAINT `fk_destino_compra_cuenta_contable` FOREIGN KEY (`cuenta_origen`) REFERENCES `cuenta_contable` (`numero`),
  CONSTRAINT `fk_destino_compra_cuenta_contable1` FOREIGN KEY (`cuenta_cargo`) REFERENCES `cuenta_contable` (`numero`),
  CONSTRAINT `fk_destino_compra_cuenta_contable2` FOREIGN KEY (`cuenta_abono`) REFERENCES `cuenta_contable` (`numero`)
) ENGINE=InnoDB DEFAULT CHARSET=utf8mb4 COLLATE=utf8mb4_0900_ai_ci;
/*!40101 SET character_set_client = @saved_cs_client */;

--
-- Dumping data for table `destino_compra`
--

LOCK TABLES `destino_compra` WRITE;
/*!40000 ALTER TABLE `destino_compra` DISABLE KEYS */;
INSERT INTO `destino_compra` VALUES (60111,20111,61111),(60112,20111,61111),(60113,20111,61111),(60114,20111,61111),(60115,20111,61111),(60116,20111,61111),(60117,20111,61111),(60118,20111,61111),(60119,20111,61111),(62111,94122,79112),(62712,94121,79112),(63611,94111,79111),(63621,94111,79111),(63631,94111,79111),(67611,97711,79211);
/*!40000 ALTER TABLE `destino_compra` ENABLE KEYS */;
UNLOCK TABLES;

--
-- Table structure for table `detalle_asiento`
--

DROP TABLE IF EXISTS `detalle_asiento`;
/*!40101 SET @saved_cs_client     = @@character_set_client */;
/*!50503 SET character_set_client = utf8mb4 */;
CREATE TABLE `detalle_asiento` (
  `iddetalle_asiento` int NOT NULL AUTO_INCREMENT,
  `debe_soles` double(7,2) DEFAULT NULL,
  `debe_dolares` double(7,2) DEFAULT NULL,
  `haber_soles` double(7,2) DEFAULT NULL,
  `haber_dolares` double(7,2) DEFAULT NULL,
  `numero_cuenta` int NOT NULL,
  `id_tipocambio` int NOT NULL,
  `seriedocumento` varchar(8) DEFAULT NULL,
  `num_asiento` varchar(8) NOT NULL,
  PRIMARY KEY (`iddetalle_asiento`),
  KEY `fk_detalle_asiento_cuenta_contable` (`numero_cuenta`),
  KEY `fk_detalle_asiento_tipo_cambio` (`id_tipocambio`),
  KEY `fk_detalle_asiento_documento` (`seriedocumento`),
  KEY `fk_detalle_asiento_asiento_contable_idx` (`num_asiento`),
  KEY `fk_detalle_asiento_cuenta_contable_idx` (`numero_cuenta`),
  CONSTRAINT `fk_detalle_asiento_asiento_contable` FOREIGN KEY (`num_asiento`) REFERENCES `asiento_contable` (`numero_asiento`),
  CONSTRAINT `fk_detalle_asiento_cuenta_contable` FOREIGN KEY (`numero_cuenta`) REFERENCES `cuenta_contable` (`numero`),
  CONSTRAINT `fk_detalle_asiento_documento` FOREIGN KEY (`seriedocumento`) REFERENCES `documento` (`serie`),
  CONSTRAINT `fk_detalle_asiento_tipo_cambio` FOREIGN KEY (`id_tipocambio`) REFERENCES `tipo_cambio` (`id`)
) ENGINE=InnoDB AUTO_INCREMENT=802 DEFAULT CHARSET=utf8mb4 COLLATE=utf8mb4_0900_ai_ci;
/*!40101 SET character_set_client = @saved_cs_client */;

--
-- Dumping data for table `detalle_asiento`
--

LOCK TABLES `detalle_asiento` WRITE;
/*!40000 ALTER TABLE `detalle_asiento` DISABLE KEYS */;
INSERT INTO `detalle_asiento` VALUES (409,1500.00,388.60,NULL,NULL,10111,1,NULL,'00000001'),(410,1200.00,310.88,NULL,NULL,10411,1,NULL,'00000001'),(411,1400.00,362.69,NULL,NULL,10414,1,NULL,'00000001'),(412,1000.00,259.07,NULL,NULL,10412,1,NULL,'00000001'),(413,1000.00,259.07,NULL,NULL,10413,1,NULL,'00000001'),(414,10000.00,2590.67,NULL,NULL,20111,1,NULL,'00000001'),(415,1180.00,305.70,NULL,NULL,12123,1,NULL,'00000001'),(416,1180.00,305.70,NULL,NULL,12121,1,NULL,'00000001'),(417,NULL,NULL,2360.00,611.40,42121,1,NULL,'00000001'),(418,NULL,NULL,5900.00,1528.50,42123,1,NULL,'00000001'),(419,NULL,NULL,360.00,93.26,40111,1,NULL,'00000001'),(420,NULL,NULL,9840.00,2549.22,50111,1,NULL,'00000001'),(519,999.00,258.81,NULL,NULL,60111,1,NULL,'01010001'),(520,179.82,46.59,NULL,NULL,40111,1,NULL,'01010001'),(521,NULL,NULL,1178.82,305.39,42121,1,'F0100001','01010001'),(522,NULL,NULL,0.00,0.01,67611,1,NULL,'01010001'),(523,999.00,258.81,NULL,NULL,20111,1,NULL,'01010001'),(524,NULL,NULL,999.00,258.81,61111,1,NULL,'01010001'),(525,0.00,0.01,NULL,NULL,79211,1,NULL,'01010001'),(526,NULL,NULL,0.00,0.01,97711,1,NULL,'01010001'),(570,999.00,258.81,NULL,NULL,60112,1,NULL,'02010008'),(571,179.82,46.59,NULL,NULL,40111,1,NULL,'02010008'),(572,NULL,NULL,1178.82,305.39,42124,1,'F0100002','02010008'),(573,NULL,NULL,0.00,0.01,67611,1,NULL,'02010008'),(574,999.00,258.81,NULL,NULL,20111,1,NULL,'02010008'),(575,NULL,NULL,999.00,258.81,61111,1,NULL,'02010008'),(576,0.00,0.01,NULL,NULL,79211,1,NULL,'02010008'),(577,NULL,NULL,0.00,0.01,97711,1,NULL,'02010008'),(583,399.00,103.37,NULL,NULL,63621,1,NULL,'01140002'),(584,NULL,NULL,0.00,0.01,67611,1,NULL,'01140002'),(585,399.00,103.37,NULL,NULL,94111,1,NULL,'01140002'),(586,NULL,NULL,399.00,103.37,79111,1,NULL,'01140002'),(587,0.00,0.01,NULL,NULL,79211,1,NULL,'01140002'),(588,NULL,NULL,0.00,0.01,97711,1,NULL,'01140002'),(589,71.82,18.61,NULL,NULL,40111,1,NULL,'01140002'),(590,NULL,NULL,470.82,121.97,42126,1,'F1400001','01140002'),(591,299.00,77.46,NULL,NULL,63611,1,NULL,'01140003'),(592,299.00,77.46,NULL,NULL,94111,1,NULL,'01140003'),(593,NULL,NULL,299.00,77.46,79111,1,NULL,'01140003'),(594,53.82,13.94,NULL,NULL,40111,1,NULL,'01140003'),(595,NULL,NULL,352.82,91.40,42125,1,'F1400002','01140003'),(596,499.00,129.27,NULL,NULL,63631,1,NULL,'01140004'),(597,499.00,129.27,NULL,NULL,94111,1,NULL,'01140004'),(598,NULL,NULL,499.00,129.27,79111,1,NULL,'01140004'),(599,89.82,23.27,NULL,NULL,40111,1,NULL,'01140004'),(600,NULL,NULL,588.82,152.54,42127,1,'F1400004','01140004'),(601,699.00,181.09,NULL,NULL,63621,1,NULL,'02140005'),(602,NULL,NULL,0.00,0.01,67611,1,NULL,'02140005'),(603,699.00,181.09,NULL,NULL,94111,1,NULL,'02140005'),(604,NULL,NULL,699.00,181.09,79111,1,NULL,'02140005'),(605,0.00,0.01,NULL,NULL,79211,1,NULL,'02140005'),(606,NULL,NULL,0.00,0.01,97711,1,NULL,'02140005'),(607,125.82,32.60,NULL,NULL,40111,1,NULL,'02140005'),(608,NULL,NULL,824.82,213.68,42126,1,'F1400005','02140005'),(609,299.00,77.46,NULL,NULL,63611,1,NULL,'02140006'),(610,299.00,77.46,NULL,NULL,63611,1,NULL,'02140006'),(611,299.00,77.46,NULL,NULL,94111,1,NULL,'02140006'),(612,299.00,77.46,NULL,NULL,94111,1,NULL,'02140006'),(613,NULL,NULL,299.00,77.46,79111,1,NULL,'02140006'),(614,NULL,NULL,299.00,77.46,79111,1,NULL,'02140006'),(615,53.82,13.94,NULL,NULL,40111,1,NULL,'02140006'),(616,53.82,13.94,NULL,NULL,40111,1,NULL,'02140006'),(617,NULL,NULL,352.82,91.40,42125,1,'F1400006','02140006'),(618,NULL,NULL,352.82,91.40,42125,1,'F1400006','02140006'),(619,600.00,155.44,NULL,NULL,63631,1,NULL,'02140007'),(620,600.00,155.44,NULL,NULL,94111,1,NULL,'02140007'),(621,NULL,NULL,600.00,155.44,79111,1,NULL,'02140007'),(622,108.00,27.98,NULL,NULL,40111,1,NULL,'02140007'),(623,NULL,NULL,708.00,183.42,42127,1,'F1400007','02140007'),(624,380.00,98.45,NULL,NULL,63621,1,NULL,'03140009'),(625,380.00,98.45,NULL,NULL,94111,1,NULL,'03140009'),(626,NULL,NULL,380.00,98.45,79111,1,NULL,'03140009'),(627,68.40,17.72,NULL,NULL,40111,1,NULL,'03140009'),(628,NULL,NULL,448.40,116.17,42126,1,'F1400008','03140009'),(629,620.00,160.62,NULL,NULL,63631,1,NULL,'03100010'),(630,111.60,28.91,NULL,NULL,40111,1,NULL,'03100010'),(631,NULL,NULL,731.60,189.53,42127,1,'F1400009','03100010'),(632,620.00,160.62,NULL,NULL,94111,1,NULL,'03100010'),(633,NULL,NULL,620.00,160.62,79111,1,NULL,'03100010'),(634,260.00,67.36,NULL,NULL,63611,1,NULL,'03140011'),(635,46.80,12.12,NULL,NULL,40111,1,NULL,'03140011'),(636,NULL,NULL,306.80,79.48,42125,1,'F1400010','03140011'),(637,260.00,67.36,NULL,NULL,94111,1,NULL,'03140011'),(638,NULL,NULL,260.00,67.36,79111,1,NULL,'03140011'),(639,930.00,240.93,NULL,NULL,60113,1,NULL,'03010012'),(640,167.40,43.37,NULL,NULL,40111,1,NULL,'03010012'),(641,NULL,NULL,1097.40,284.30,42122,1,'F0100003','03010012'),(642,930.00,240.93,NULL,NULL,20111,1,NULL,'03010012'),(643,NULL,NULL,930.00,240.93,61111,1,NULL,'03010012'),(644,600.00,155.44,NULL,NULL,63621,1,NULL,'04140013'),(645,108.00,27.98,NULL,NULL,40111,1,NULL,'04140013'),(646,NULL,NULL,708.00,183.42,42126,1,'F1400011','04140013'),(647,600.00,155.44,NULL,NULL,94111,1,NULL,'04140013'),(648,NULL,NULL,600.00,155.44,79111,1,NULL,'04140013'),(654,270.00,69.95,NULL,NULL,63611,1,NULL,'04140014'),(655,48.60,12.59,NULL,NULL,40111,1,NULL,'04140014'),(656,NULL,NULL,318.60,82.54,42125,1,'F1400012','04140014'),(657,270.00,69.95,NULL,NULL,94111,1,NULL,'04140014'),(658,NULL,NULL,270.00,69.95,79111,1,NULL,'04140014'),(659,220.00,56.99,NULL,NULL,63631,1,NULL,'04140015'),(660,39.60,10.26,NULL,NULL,40111,1,NULL,'04140015'),(661,NULL,NULL,259.60,67.25,42127,1,'F1400013','04140015'),(662,220.00,56.99,NULL,NULL,94111,1,NULL,'04140015'),(663,NULL,NULL,220.00,56.99,79111,1,NULL,'04140015'),(668,1500.00,388.60,NULL,NULL,60114,1,NULL,'04010016'),(669,270.00,69.95,NULL,NULL,40111,1,NULL,'04010016'),(670,NULL,NULL,1770.00,458.55,42123,1,'F0100016','04010016'),(671,1500.00,388.60,NULL,NULL,20111,1,NULL,'04010016'),(672,NULL,NULL,1500.00,388.60,61111,1,NULL,'04010016'),(673,1200.00,310.88,NULL,NULL,60115,1,NULL,'05010017'),(674,216.00,55.96,NULL,NULL,40111,1,NULL,'05010017'),(675,NULL,NULL,1416.00,366.84,42121,1,'F0100017','05010017'),(676,1200.00,310.88,NULL,NULL,20111,1,NULL,'05010017'),(677,NULL,NULL,1200.00,310.88,61111,1,NULL,'05010017'),(678,618.00,160.10,NULL,NULL,63621,1,NULL,'05140018'),(679,111.24,28.82,NULL,NULL,40111,1,NULL,'05140018'),(680,NULL,NULL,729.24,188.92,42126,1,'F1400018','05140018'),(681,618.00,160.10,NULL,NULL,94111,1,NULL,'05140018'),(682,NULL,NULL,618.00,160.10,79111,1,NULL,'05140018'),(683,430.00,111.40,NULL,NULL,63631,1,NULL,'05140019'),(684,77.40,20.05,NULL,NULL,40111,1,NULL,'05140019'),(685,NULL,NULL,507.40,131.45,42127,1,'F1400019','05140019'),(686,430.00,111.40,NULL,NULL,94111,1,NULL,'05140019'),(687,NULL,NULL,430.00,111.40,79111,1,NULL,'05140019'),(701,980.00,253.89,NULL,NULL,60116,1,NULL,'06010021'),(702,176.40,45.70,NULL,NULL,40111,1,NULL,'06010021'),(703,NULL,NULL,1156.40,299.59,42121,1,'F0100021','06010021'),(704,980.00,253.89,NULL,NULL,20111,1,NULL,'06010021'),(705,NULL,NULL,980.00,253.89,61111,1,NULL,'06010021'),(706,720.00,186.53,NULL,NULL,63621,1,NULL,'06140022'),(707,129.60,33.58,NULL,NULL,40111,1,NULL,'06140022'),(708,NULL,NULL,849.60,220.10,42126,1,'F1400022','06140022'),(709,NULL,NULL,0.00,0.01,67611,1,NULL,'06140022'),(710,720.00,186.53,NULL,NULL,94111,1,NULL,'06140022'),(711,NULL,NULL,720.00,186.53,79111,1,NULL,'06140022'),(712,0.00,0.01,NULL,NULL,79211,1,NULL,'06140022'),(713,NULL,NULL,0.00,0.01,97711,1,NULL,'06140022'),(714,260.00,67.36,NULL,NULL,63631,1,NULL,'06140023'),(715,46.80,12.12,NULL,NULL,40111,1,NULL,'06140023'),(716,NULL,NULL,306.80,79.48,42127,1,'F1400023','06140023'),(717,260.00,67.36,NULL,NULL,94111,1,NULL,'06140023'),(718,NULL,NULL,260.00,67.36,79111,1,NULL,'06140023'),(719,420.00,108.81,NULL,NULL,63611,1,NULL,'05010020'),(720,NULL,NULL,0.00,0.01,67611,1,NULL,'05010020'),(721,420.00,108.81,NULL,NULL,94111,1,NULL,'05010020'),(722,NULL,NULL,420.00,108.81,79111,1,NULL,'05010020'),(723,0.00,0.01,NULL,NULL,79211,1,NULL,'05010020'),(724,NULL,NULL,0.00,0.01,97711,1,NULL,'05010020'),(725,75.60,19.59,NULL,NULL,40111,1,NULL,'05010020'),(726,NULL,NULL,495.60,128.39,42125,1,'F1400020','05010020'),(727,330.00,85.49,NULL,NULL,63611,1,NULL,'06140024'),(728,59.40,15.39,NULL,NULL,40111,1,NULL,'06140024'),(729,NULL,NULL,389.40,100.88,42125,1,'F1400024','06140024'),(730,330.00,85.49,NULL,NULL,94111,1,NULL,'06140024'),(731,NULL,NULL,330.00,85.49,79111,1,NULL,'06140024'),(738,1500.00,388.60,NULL,NULL,60114,1,NULL,'07010025'),(739,270.00,69.95,NULL,NULL,40111,1,NULL,'07010025'),(740,NULL,NULL,1770.00,458.55,42121,1,'F0100022','07010025'),(741,1500.00,388.60,NULL,NULL,20111,1,NULL,'07010025'),(742,NULL,NULL,1500.00,388.60,61111,1,NULL,'07010025'),(743,NULL,NULL,270.00,69.59,40111,1,NULL,'01010026'),(744,1770.00,456.19,NULL,NULL,12125,1,'F0100023','01010026'),(745,NULL,NULL,1500.00,386.60,70121,1,NULL,'01010026'),(746,NULL,NULL,823.73,212.30,40111,1,NULL,'02010027'),(747,5400.00,1391.75,NULL,NULL,12125,1,'F0100024','02010027'),(748,NULL,NULL,4576.27,1179.45,70121,1,NULL,'02010027'),(749,NULL,NULL,149.49,38.53,40111,1,NULL,'03010028'),(750,980.00,252.58,NULL,NULL,12125,1,'F0100025','03010028'),(751,NULL,NULL,830.51,214.05,70121,1,NULL,'03010028'),(752,NULL,NULL,74.14,19.11,40111,1,NULL,'04010029'),(753,486.00,125.26,NULL,NULL,12125,1,'F0100026','04010029'),(754,NULL,NULL,411.86,106.15,70121,1,NULL,'04010029'),(755,NULL,NULL,95.64,24.65,40111,1,NULL,'04010030'),(756,627.00,161.60,NULL,NULL,12125,1,'F0100027','04010030'),(757,NULL,NULL,531.36,136.95,70121,1,NULL,'04010030'),(758,NULL,NULL,357.71,92.19,40111,1,NULL,'06010031'),(759,2345.00,604.38,NULL,NULL,12125,1,'F0100028','06010031'),(760,NULL,NULL,1987.29,512.19,70121,1,NULL,'06010031'),(761,NULL,NULL,52.78,13.60,40111,1,NULL,'07010032'),(762,346.00,89.18,NULL,NULL,12125,1,'F0100029','07010032'),(763,NULL,NULL,293.22,75.57,70121,1,NULL,'07010032'),(764,NULL,NULL,0.00,0.01,67611,1,NULL,'07010032'),(765,0.00,0.01,NULL,NULL,79211,1,NULL,'07010032'),(766,NULL,NULL,0.00,0.01,97711,1,NULL,'07010032'),(767,NULL,NULL,115.02,29.64,40111,1,NULL,'08010033'),(768,754.00,194.33,NULL,NULL,12125,1,'F0100030','08010033'),(769,NULL,NULL,638.98,164.69,70121,1,NULL,'08010033'),(770,NULL,NULL,119.75,30.86,40111,1,NULL,'09010034'),(771,785.00,202.32,NULL,NULL,12125,1,'F0100031','09010034'),(772,NULL,NULL,665.25,171.46,70121,1,NULL,'09010034'),(773,NULL,NULL,111.97,28.86,40111,1,NULL,'10010035'),(774,734.00,189.18,NULL,NULL,12125,1,'F0100032','10010035'),(775,NULL,NULL,622.03,160.32,70121,1,NULL,'10010035'),(776,NULL,NULL,185.03,47.69,40111,1,NULL,'11010036'),(777,1213.00,312.63,NULL,NULL,12125,1,'F0100033','11010036'),(778,NULL,NULL,1027.97,264.94,70121,1,NULL,'11010036'),(779,NULL,NULL,102.81,26.50,40111,1,NULL,'12010037'),(780,674.00,173.71,NULL,NULL,12125,1,'F0100034','12010037'),(781,NULL,NULL,571.19,147.21,70121,1,NULL,'12010037'),(782,1178.82,303.82,NULL,NULL,42121,1,'TES00001','01010038'),(783,NULL,NULL,1178.82,303.82,10111,1,'F0100001','01010038'),(784,1178.82,303.82,NULL,NULL,42124,1,'TES00001','02010039'),(785,NULL,NULL,1178.82,303.82,10411,1,'F0100002','02010039'),(786,NULL,NULL,5400.00,1391.75,12125,1,'TES00001','02010040'),(787,5400.00,1391.75,NULL,NULL,10411,1,'F0100024','02010040'),(788,NULL,NULL,1770.00,456.19,12125,1,'TES00001','01010041'),(789,1770.00,456.19,NULL,NULL,10412,1,'F0100023','01010041'),(790,1770.00,456.19,NULL,NULL,42123,1,'TES00001','04010042'),(791,NULL,NULL,1770.00,456.19,10412,1,'F0100016','04010042'),(792,540.00,139.18,NULL,NULL,40111,1,NULL,'03010043'),(793,NULL,NULL,3540.00,912.37,42124,1,'F7262','03010043'),(794,3000.00,773.20,NULL,NULL,60112,1,NULL,'03010043'),(795,NULL,NULL,0.00,0.01,67611,1,NULL,'03010043'),(796,3000.00,773.20,NULL,NULL,20111,1,NULL,'03010043'),(797,NULL,NULL,3000.00,773.20,61111,1,NULL,'03010043'),(798,0.00,0.01,NULL,NULL,79211,1,NULL,'03010043'),(799,NULL,NULL,0.00,0.01,97711,1,NULL,'03010043'),(800,3540.00,912.37,NULL,NULL,42124,1,'TES00001','03010044'),(801,NULL,NULL,3540.00,912.37,10411,1,'F7262','03010044');
/*!40000 ALTER TABLE `detalle_asiento` ENABLE KEYS */;
UNLOCK TABLES;

--
-- Table structure for table `detalle_plantilla`
--

DROP TABLE IF EXISTS `detalle_plantilla`;
/*!40101 SET @saved_cs_client     = @@character_set_client */;
/*!50503 SET character_set_client = utf8mb4 */;
CREATE TABLE `detalle_plantilla` (
  `id_detalle_plantilla` int NOT NULL AUTO_INCREMENT,
  `cuenta` int NOT NULL,
  `id_plantilla` int NOT NULL,
  PRIMARY KEY (`id_detalle_plantilla`),
  KEY `plantilla_detalle_plantilla_idx` (`id_plantilla`),
  CONSTRAINT `plantilla_detalle_plantilla` FOREIGN KEY (`id_plantilla`) REFERENCES `plantilla_asiento` (`id`)
) ENGINE=InnoDB AUTO_INCREMENT=23 DEFAULT CHARSET=utf8mb4 COLLATE=utf8mb4_0900_ai_ci;
/*!40101 SET character_set_client = @saved_cs_client */;

--
-- Dumping data for table `detalle_plantilla`
--

LOCK TABLES `detalle_plantilla` WRITE;
/*!40000 ALTER TABLE `detalle_plantilla` DISABLE KEYS */;
INSERT INTO `detalle_plantilla` VALUES (1,69,1),(2,94,2),(3,95,2),(4,97,2),(5,60,3),(6,61,3),(7,70,3),(8,63,4),(9,80,4),(10,62,5),(11,64,5),(12,82,5),(13,65,6),(14,68,6),(15,73,6),(16,75,6),(17,82,6),(18,83,6),(19,66,7),(20,77,7),(21,84,7),(22,85,8);
/*!40000 ALTER TABLE `detalle_plantilla` ENABLE KEYS */;
UNLOCK TABLES;

--
-- Table structure for table `documento`
--

DROP TABLE IF EXISTS `documento`;
/*!40101 SET @saved_cs_client     = @@character_set_client */;
/*!50503 SET character_set_client = utf8mb4 */;
CREATE TABLE `documento` (
  `serie` varchar(8) NOT NULL,
  `correlativo` varchar(8) NOT NULL,
  `concepto` varchar(150) NOT NULL,
  `ambito` varchar(45) DEFAULT NULL,
  `fecha_emision` date NOT NULL,
  `fecha_vencimiento` date DEFAULT NULL,
  `forma_pago` varchar(15) DEFAULT NULL,
  `num_cuentacorriente` varchar(45) NOT NULL,
  `cod_tipo` varchar(4) NOT NULL,
  `clase_bien` int NOT NULL,
  `GRADO A` varchar(45) DEFAULT NULL,
  `fk_serie` varchar(8) DEFAULT NULL,
  `fk_correlativo` varchar(8) DEFAULT NULL,
  `MontoISC` double(7,2) DEFAULT NULL,
  `OtrosM` double(7,2) DEFAULT NULL,
  `BIAGCFOGE` double(7,2) DEFAULT NULL,
  `MIGVIPMOPG` double(7,2) DEFAULT NULL,
  `VANG` double(7,2) DEFAULT NULL,
  `BIAGCFOGyNG` double(7,2) DEFAULT NULL,
  `MIGVIPMOPGyNG` double(7,2) DEFAULT NULL,
  `BIAGsinCF` double(7,2) DEFAULT NULL,
  `MIGVIPMsinCF` double(7,2) DEFAULT NULL,
  `ICBPER` double(7,2) DEFAULT NULL,
  PRIMARY KEY (`serie`,`correlativo`),
  KEY `fk_documento_tipo_documento` (`cod_tipo`),
  KEY `fk_documento_cuenta_corriente_idx` (`num_cuentacorriente`),
  KEY `fk_documento_tipo_documento_idx` (`clase_bien`) /*!80000 INVISIBLE */,
  KEY `fk_documento_documento` (`fk_serie`,`fk_correlativo`),
  CONSTRAINT `fk_documento_clase_bien` FOREIGN KEY (`clase_bien`) REFERENCES `clase_bien` (`codigo`),
  CONSTRAINT `fk_documento_cuenta_corriente` FOREIGN KEY (`num_cuentacorriente`) REFERENCES `cuenta_corriente` (`numero_identi`),
  CONSTRAINT `fk_documento_documento` FOREIGN KEY (`fk_serie`, `fk_correlativo`) REFERENCES `documento` (`serie`, `correlativo`),
  CONSTRAINT `fk_documento_tipo_documento` FOREIGN KEY (`cod_tipo`) REFERENCES `tipo_documento` (`codigo`)
) ENGINE=InnoDB DEFAULT CHARSET=utf8mb4 COLLATE=utf8mb4_0900_ai_ci;
/*!40101 SET character_set_client = @saved_cs_client */;

--
-- Dumping data for table `documento`
--

LOCK TABLES `documento` WRITE;
/*!40000 ALTER TABLE `documento` DISABLE KEYS */;
INSERT INTO `documento` VALUES ('F0100001','00000001','COMPRAS DE FUNDAS PARA CELULARES',NULL,'2022-01-04','2022-01-04',NULL,'10828374453','01',1,NULL,NULL,NULL,0.00,0.00,999.00,179.82,0.00,0.00,0.00,0.00,0.00,0.00),('F0100002','00000008','COMPRAS DE CARGADORES TIPO USB-C',NULL,'2022-02-16','2022-02-16',NULL,'104446665552','01',1,NULL,NULL,NULL,0.00,0.00,999.00,179.82,0.00,0.00,0.00,0.00,0.00,0.00),('F0100003','00000012','COMPRAS MICAS PARA CELULARES SAMSUMG',NULL,'2022-03-12','2022-03-12',NULL,'10787787822','01',1,NULL,NULL,NULL,0.00,0.00,930.00,167.40,0.00,0.00,0.00,0.00,0.00,0.00),('F0100016','00000016','COMPRAS DE MICA PARA CELULAR IPHONE',NULL,'2022-04-15','2022-04-15',NULL,'10888278379','01',1,NULL,NULL,NULL,0.00,0.00,1500.00,270.00,0.00,0.00,0.00,0.00,0.00,0.00),('F0100017','00000017','COMPRA DE MICAS PARA CELULAR XIAOMI',NULL,'2022-05-21','2022-05-21',NULL,'10828374453','01',1,NULL,NULL,NULL,0.00,0.00,1200.00,216.00,0.00,0.00,0.00,0.00,0.00,0.00),('F0100021','00000021','COMPRAS MICAS PARA CELULARES HUAWEI',NULL,'2022-06-14','2022-06-14',NULL,'10828374453','01',1,NULL,NULL,NULL,0.00,0.00,980.00,176.40,0.00,0.00,0.00,0.00,0.00,0.00),('F0100022','00000022','COMPRA DE MICAS PARA CELULARES IPHONE',NULL,'2022-07-03','2022-07-03',NULL,'10828374453','01',1,NULL,NULL,NULL,0.00,0.00,1500.00,270.00,0.00,0.00,0.00,0.00,0.00,0.00),('F0100023','00000023','VENTA DE CARGADORES TIPO USB-C',NULL,'2022-01-03','2022-01-03',NULL,'01823483','01',1,NULL,NULL,NULL,0.00,0.00,0.00,0.00,0.00,0.00,0.00,0.00,0.00,0.00),('F0100024','00000024','VENTA DE MICAS PARA SAMSUNG',NULL,'2022-02-02','2022-02-02',NULL,'02416845','01',1,NULL,NULL,NULL,0.00,0.00,0.00,0.00,0.00,0.00,0.00,0.00,0.00,0.00),('F0100025','00000025','VENTA DE MICAS PARA CELULAR IPHONE',NULL,'2022-03-03','2022-03-03',NULL,'75639817','01',1,NULL,NULL,NULL,0.00,0.00,0.00,0.00,0.00,0.00,0.00,0.00,0.00,0.00),('F0100026','00000026','VENTA DE MICAS PARA CELULAR XIAOMI',NULL,'2022-04-02','2022-04-02',NULL,'79820929','01',1,NULL,NULL,NULL,0.00,0.00,0.00,0.00,0.00,0.00,0.00,0.00,0.00,0.00),('F0100027','00000027','VENTA DE MICAS PARA CELULAR HUAWEI',NULL,'2022-05-01','2022-05-01',NULL,'01823483','01',1,NULL,NULL,NULL,0.00,0.00,0.00,0.00,0.00,0.00,0.00,0.00,0.00,0.00),('F0100028','00000028','VENTA DE CARGADORES PARA IPHONE',NULL,'2022-06-02','2022-06-02',NULL,'01823483','01',1,NULL,NULL,NULL,0.00,0.00,0.00,0.00,0.00,0.00,0.00,0.00,0.00,0.00),('F0100029','00000029','VENTA DE FUNDAS PARA CELULARES',NULL,'2022-07-02','2022-07-02',NULL,'02416845','01',1,NULL,NULL,NULL,0.00,0.00,0.00,0.00,0.00,0.00,0.00,0.00,0.00,0.00),('F0100030','00000030','Venta de CARGADORES TIPO USB-C',NULL,'2022-08-03','2022-08-03',NULL,'75639817','01',1,NULL,NULL,NULL,0.00,0.00,0.00,0.00,0.00,0.00,0.00,0.00,0.00,0.00),('F0100031','00000031','VENTA DE MICAS PARA CELULAR SAMSUNG',NULL,'2022-09-02','2022-09-02',NULL,'79820929','01',1,NULL,NULL,NULL,0.00,0.00,0.00,0.00,0.00,0.00,0.00,0.00,0.00,0.00),('F0100032','00000032','VENTA DE MICAS PARA CELULAR IPHONE',NULL,'2022-10-04','2022-10-04',NULL,'01823483','01',1,NULL,NULL,NULL,0.00,0.00,0.00,0.00,0.00,0.00,0.00,0.00,0.00,0.00),('F0100033','00000033','VENTA DE MICAS PARA CELULAR XIAOMI',NULL,'2022-11-03','2022-11-03',NULL,'75639817','01',1,NULL,NULL,NULL,0.00,0.00,0.00,0.00,0.00,0.00,0.00,0.00,0.00,0.00),('F0100034','00000034','VENTA DE MICAS PARA CELULAR HUAWEI',NULL,'2022-12-05','2022-12-05',NULL,'01823483','01',1,NULL,NULL,NULL,0.00,0.00,0.00,0.00,0.00,0.00,0.00,0.00,0.00,0.00),('F1400001','00000002','SERVICIO DE AGUA POTABLE-ENERO',NULL,'2022-01-07','2022-01-07',NULL,'47586957578','14',1,NULL,NULL,NULL,0.00,0.00,399.00,71.82,0.00,0.00,0.00,0.00,0.00,0.00),('F1400002','00000003','SERVICIO DE ENERGIA ELECTRICA-ENERO',NULL,'2022-01-11','2022-01-11',NULL,'75068672444','14',1,NULL,NULL,NULL,0.00,0.00,299.00,53.82,0.00,0.00,0.00,0.00,0.00,0.00),('F1400004','00000004','SERVICIO DE INTERNET- ENERO',NULL,'2022-01-13','2022-01-13',NULL,'47521458963','14',1,NULL,NULL,NULL,0.00,0.00,499.00,89.82,0.00,0.00,0.00,0.00,0.00,0.00),('F1400005','00000005','SERVICIO DE AGUA POTABLE - FEBRERO',NULL,'2022-02-11','2022-02-11',NULL,'47586957578','14',1,NULL,NULL,NULL,0.00,0.00,699.00,125.82,0.00,0.00,0.00,0.00,0.00,0.00),('F1400006','00000006','SERVICIO DE ENERGIA ELECTRICA - FEBRERO',NULL,'2022-02-14','2022-02-14',NULL,'75068672444','14',1,NULL,NULL,NULL,0.00,0.00,299.00,53.82,0.00,0.00,0.00,0.00,0.00,0.00),('F1400007','00000007','SERVICIO DE INTERNET - FEBRERO',NULL,'2022-02-14','2022-02-14',NULL,'47521458963','14',1,NULL,NULL,NULL,0.00,0.00,600.00,108.00,0.00,0.00,0.00,0.00,0.00,0.00),('F1400008','00000009','SERVICIO DE AGUA POTABLE- MARZO',NULL,'2022-03-11','2022-03-11',NULL,'47586957578','14',1,NULL,NULL,NULL,0.00,0.00,380.00,68.40,0.00,0.00,0.00,0.00,0.00,0.00),('F1400009','00000010','SERVICIO DE INTERNET- MARZO',NULL,'2022-03-15','2022-03-15',NULL,'47521458963','14',1,NULL,NULL,NULL,0.00,0.00,620.00,111.60,0.00,0.00,0.00,0.00,0.00,0.00),('F1400010','00000011','SERVICIO DE ENERGIA ELECTRICA- MARZO',NULL,'2022-03-12','2022-03-12',NULL,'75068672444','14',1,NULL,NULL,NULL,0.00,0.00,260.00,46.80,0.00,0.00,0.00,0.00,0.00,0.00),('F1400011','00000013','SERVICIO DE AGUA POTABLE - ABRIL',NULL,'2022-04-02','2022-04-02',NULL,'47586957578','14',1,NULL,NULL,NULL,0.00,0.00,600.00,108.00,0.00,0.00,0.00,0.00,0.00,0.00),('F1400012','00000014','SERVICIO DE ENERGIA ELECTRICA - ABRIL',NULL,'2022-04-06','2022-04-06',NULL,'75068672444','14',1,NULL,NULL,NULL,0.00,0.00,270.00,48.60,0.00,0.00,0.00,0.00,0.00,0.00),('F1400013','00000015','SERVICIO DE INTERNET - ABRIL',NULL,'2022-04-08','2022-04-08',NULL,'47521458963','14',1,NULL,NULL,NULL,0.00,0.00,220.00,39.60,0.00,0.00,0.00,0.00,0.00,0.00),('F1400018','00000018','SERVICIO DE AGUA POTABLE - MAYO',NULL,'2022-05-11','2022-05-11',NULL,'47586957578','14',1,NULL,NULL,NULL,0.00,0.00,618.00,111.24,0.00,0.00,0.00,0.00,0.00,0.00),('F1400019','00000019','SERVICIO DE INTERNET - MAYO',NULL,'2022-05-20','2022-05-25',NULL,'47521458963','14',1,NULL,NULL,NULL,0.00,0.00,430.00,77.40,0.00,0.00,0.00,0.00,0.00,0.00),('F1400020','00000020','SERVICIO DE ENERGIA ELECTRICA - MAYO',NULL,'2022-05-13','2022-05-13',NULL,'75068672444','14',1,NULL,NULL,NULL,0.00,0.00,420.00,75.60,0.00,0.00,0.00,0.00,0.00,0.00),('F1400022','00000022','SERVICIO DE AGUA POTABLE- JUNIO',NULL,'2022-06-13','2022-06-13',NULL,'47586957578','14',1,NULL,NULL,NULL,0.00,0.00,720.00,129.60,0.00,0.00,0.00,0.00,0.00,0.00),('F1400023','00000023','SERVICIO DE INTERNET -  JUNIO',NULL,'2022-06-16','2022-06-16',NULL,'47521458963','14',1,NULL,NULL,NULL,0.00,0.00,260.00,46.80,0.00,0.00,0.00,0.00,0.00,0.00),('F1400024','00000024','SERVICIO DE ENERGIA ELECTRICA - JUNIO',NULL,'2022-06-18','2022-06-18',NULL,'75068672444','14',1,NULL,NULL,NULL,0.00,0.00,330.00,59.40,0.00,0.00,0.00,0.00,0.00,0.00),('F7262','00232','COMPRA DE CABLES TIPO C',NULL,'2022-03-10','2022-03-10',NULL,'104446665552','01',1,NULL,NULL,NULL,0.00,0.00,3000.00,540.00,0.00,0.00,0.00,0.00,0.00,0.00),('TES00001','0991','PAGO PROVEEDOR',NULL,'2022-01-04',NULL,'008','10828374453','01',1,NULL,NULL,NULL,0.00,0.00,0.00,0.00,0.00,0.00,0.00,0.00,0.00,0.00),('TES00001','12131','COBRO DE FACTURA A CLIENTE',NULL,'2022-02-02',NULL,'003','02416845','01',1,NULL,NULL,NULL,0.00,0.00,0.00,0.00,0.00,0.00,0.00,0.00,0.00,0.00),('TES00001','232332','PAGO PROVEEDOR CABLE TIPO C',NULL,'2022-03-11',NULL,'003','104446665552','01',1,NULL,NULL,NULL,0.00,0.00,0.00,0.00,0.00,0.00,0.00,0.00,0.00,0.00),('TES00001','34521','PAGO PROVEEDOR',NULL,'2022-02-16',NULL,'003','104446665552','01',1,NULL,NULL,NULL,0.00,0.00,0.00,0.00,0.00,0.00,0.00,0.00,0.00,0.00),('TES00001','53421','PAGO DE FACTURA PROVEEDOR',NULL,'2022-04-15',NULL,'003','10888278379','01',1,NULL,NULL,NULL,0.00,0.00,0.00,0.00,0.00,0.00,0.00,0.00,0.00,0.00),('TES00001','73821','COBRO DE FACTURA CLIENTE',NULL,'2022-01-03',NULL,'003','01823483','01',1,NULL,NULL,NULL,0.00,0.00,0.00,0.00,0.00,0.00,0.00,0.00,0.00,0.00);
/*!40000 ALTER TABLE `documento` ENABLE KEYS */;
UNLOCK TABLES;

--
-- Table structure for table `periodo_contable`
--

DROP TABLE IF EXISTS `periodo_contable`;
/*!40101 SET @saved_cs_client     = @@character_set_client */;
/*!50503 SET character_set_client = utf8mb4 */;
CREATE TABLE `periodo_contable` (
  `id` int NOT NULL AUTO_INCREMENT,
  `año` int NOT NULL,
  `fecha_inicio` date NOT NULL,
  `fecha_fin` date DEFAULT NULL,
  `estado` varchar(45) NOT NULL,
  PRIMARY KEY (`id`),
  UNIQUE KEY `id_UNIQUE` (`id`)
) ENGINE=InnoDB AUTO_INCREMENT=2 DEFAULT CHARSET=utf8mb4 COLLATE=utf8mb4_0900_ai_ci;
/*!40101 SET character_set_client = @saved_cs_client */;

--
-- Dumping data for table `periodo_contable`
--

LOCK TABLES `periodo_contable` WRITE;
/*!40000 ALTER TABLE `periodo_contable` DISABLE KEYS */;
INSERT INTO `periodo_contable` VALUES (1,2022,'2022-01-01','2022-12-31','ABIERTO');
/*!40000 ALTER TABLE `periodo_contable` ENABLE KEYS */;
UNLOCK TABLES;

--
-- Table structure for table `plantilla_asiento`
--

DROP TABLE IF EXISTS `plantilla_asiento`;
/*!40101 SET @saved_cs_client     = @@character_set_client */;
/*!50503 SET character_set_client = utf8mb4 */;
CREATE TABLE `plantilla_asiento` (
  `id` int NOT NULL AUTO_INCREMENT,
  `cuenta_destino` int NOT NULL,
  `glosa` varchar(150) NOT NULL,
  `cod_usuario` int NOT NULL,
  PRIMARY KEY (`id`),
  KEY `fk_usuario_plantilla_idx` (`cod_usuario`),
  KEY `fk_cuenta_contable_plantilla_idx` (`cuenta_destino`),
  CONSTRAINT `fk_cuenta_contable_plantilla` FOREIGN KEY (`cuenta_destino`) REFERENCES `cuenta_contable` (`numero`),
  CONSTRAINT `fk_usuario_plantilla` FOREIGN KEY (`cod_usuario`) REFERENCES `usuario` (`codigo`)
) ENGINE=InnoDB AUTO_INCREMENT=9 DEFAULT CHARSET=utf8mb4 COLLATE=utf8mb4_0900_ai_ci;
/*!40101 SET character_set_client = @saved_cs_client */;

--
-- Dumping data for table `plantilla_asiento`
--

LOCK TABLES `plantilla_asiento` WRITE;
/*!40000 ALTER TABLE `plantilla_asiento` DISABLE KEYS */;
INSERT INTO `plantilla_asiento` VALUES (1,61111,'POR TRANSFERENCIA DE LA CUENTA 69 A CUENTA 61',1),(2,79111,'POR TRANSFERENCIA DE 94, 95, 97 A CUENTA 79',1),(3,80111,'POR TRANSFERENCIA DE 60, 61, 70 A CUENTA 80',1),(4,82111,'POR TRANSFERENCIA DE 63, 80 A CUENTA 82',1),(5,83111,'POR TRANSFERENCIA DE 62, 64, 82 A CUENTA 83',1),(6,84111,'POR TRANSFERENCIA DE 65, 68, 73, 75, 83 A CUENTA 84',1),(7,85111,'POR TRANSFERENCIA DE 67, 77, 84 A LA CUENTA 85',1),(8,89111,'POR TRANSFERENCIA DE LA 85 A LA CUENTA 89',1);
/*!40000 ALTER TABLE `plantilla_asiento` ENABLE KEYS */;
UNLOCK TABLES;

--
-- Table structure for table `tipo_cambio`
--

DROP TABLE IF EXISTS `tipo_cambio`;
/*!40101 SET @saved_cs_client     = @@character_set_client */;
/*!50503 SET character_set_client = utf8mb4 */;
CREATE TABLE `tipo_cambio` (
  `id` int NOT NULL AUTO_INCREMENT,
  `nombre` varchar(45) NOT NULL,
  `fecha` date NOT NULL,
  `precio_compra` double NOT NULL,
  `precio_venta` double NOT NULL,
  PRIMARY KEY (`id`),
  UNIQUE KEY `id_UNIQUE` (`id`)
) ENGINE=InnoDB AUTO_INCREMENT=6 DEFAULT CHARSET=utf8mb4 COLLATE=utf8mb4_0900_ai_ci;
/*!40101 SET character_set_client = @saved_cs_client */;

--
-- Dumping data for table `tipo_cambio`
--

LOCK TABLES `tipo_cambio` WRITE;
/*!40000 ALTER TABLE `tipo_cambio` DISABLE KEYS */;
INSERT INTO `tipo_cambio` VALUES (1,'Dolar','2023-01-12',3.86,3.88),(4,'soles','2023-02-22',3.32,3.43),(5,'soles','2023-02-22',3.32,3.43);
/*!40000 ALTER TABLE `tipo_cambio` ENABLE KEYS */;
UNLOCK TABLES;

--
-- Table structure for table `tipo_documento`
--

DROP TABLE IF EXISTS `tipo_documento`;
/*!40101 SET @saved_cs_client     = @@character_set_client */;
/*!50503 SET character_set_client = utf8mb4 */;
CREATE TABLE `tipo_documento` (
  `codigo` varchar(4) NOT NULL,
  `nombre` varchar(120) NOT NULL,
  PRIMARY KEY (`codigo`)
) ENGINE=InnoDB DEFAULT CHARSET=utf8mb4 COLLATE=utf8mb4_0900_ai_ci;
/*!40101 SET character_set_client = @saved_cs_client */;

--
-- Dumping data for table `tipo_documento`
--

LOCK TABLES `tipo_documento` WRITE;
/*!40000 ALTER TABLE `tipo_documento` DISABLE KEYS */;
INSERT INTO `tipo_documento` VALUES ('01','FACTURAS'),('03','BOLETAS'),('04 ','LIQUIDACION DE COMPRA'),('07','NOTA DE CREDITO'),('14','RECIBO POR SERVICIOS DE SUMINISTOS DE SERVICIO PUBLICO');
/*!40000 ALTER TABLE `tipo_documento` ENABLE KEYS */;
UNLOCK TABLES;

--
-- Table structure for table `tipo_identificacion`
--

DROP TABLE IF EXISTS `tipo_identificacion`;
/*!40101 SET @saved_cs_client     = @@character_set_client */;
/*!50503 SET character_set_client = utf8mb4 */;
CREATE TABLE `tipo_identificacion` (
  `codigo` varchar(4) NOT NULL,
  `nombre` varchar(45) NOT NULL,
  PRIMARY KEY (`codigo`),
  UNIQUE KEY `codigo_UNIQUE` (`codigo`)
) ENGINE=InnoDB DEFAULT CHARSET=utf8mb4 COLLATE=utf8mb4_0900_ai_ci;
/*!40101 SET character_set_client = @saved_cs_client */;

--
-- Dumping data for table `tipo_identificacion`
--

LOCK TABLES `tipo_identificacion` WRITE;
/*!40000 ALTER TABLE `tipo_identificacion` DISABLE KEYS */;
INSERT INTO `tipo_identificacion` VALUES ('00','Doc. Trib No. Dom. Sin. RUC'),('01','DNI'),('04','Carnet de Extranjeria'),('06','RUC');
/*!40000 ALTER TABLE `tipo_identificacion` ENABLE KEYS */;
UNLOCK TABLES;

--
-- Table structure for table `tipo_operacion`
--

DROP TABLE IF EXISTS `tipo_operacion`;
/*!40101 SET @saved_cs_client     = @@character_set_client */;
/*!50503 SET character_set_client = utf8mb4 */;
CREATE TABLE `tipo_operacion` (
  `codigo` varchar(8) NOT NULL,
  `nombre` varchar(45) NOT NULL,
  `tipo_cambio` varchar(45) DEFAULT NULL,
  PRIMARY KEY (`codigo`)
) ENGINE=InnoDB DEFAULT CHARSET=utf8mb4 COLLATE=utf8mb4_0900_ai_ci;
/*!40101 SET character_set_client = @saved_cs_client */;

--
-- Dumping data for table `tipo_operacion`
--

LOCK TABLES `tipo_operacion` WRITE;
/*!40000 ALTER TABLE `tipo_operacion` DISABLE KEYS */;
INSERT INTO `tipo_operacion` VALUES ('0101','ASIENTO DE APERTURA','Compra'),('0201','ASIENTO DE CIERRE','Compra'),('1001','INGRESOS(COBRANZAS)','Venta'),('1002','DEPOSITOS A BANCOS(COBRANZAS)','Venta'),('1003','DEPOSITOS TERCEROS','Venta'),('1101','EFECTIVO','Venta'),('1102','GIROS DE CHEQUE','Venta'),('1103','CARGOS AUTOMATICOS','Venta'),('1104','CARTAS DE TRANSFERENCIA MISMA CIA','Venta'),('1105','CARTAS DE TRANSFERENCIA A TERCEROS','Venta'),('1201','REGISTRO DE COMPRAS','Venta'),('1202','REGISTRO DE VENTAS','Venta'),('1203','REGULARIZACIONES','Venta'),('1205','DIARIO','Venta'),('1208','PLANILLAS ','Venta');
/*!40000 ALTER TABLE `tipo_operacion` ENABLE KEYS */;
UNLOCK TABLES;

--
-- Table structure for table `usuario`
--

DROP TABLE IF EXISTS `usuario`;
/*!40101 SET @saved_cs_client     = @@character_set_client */;
/*!50503 SET character_set_client = utf8mb4 */;
CREATE TABLE `usuario` (
  `codigo` int NOT NULL AUTO_INCREMENT,
  `nombres` varchar(45) NOT NULL,
  `apellidos` varchar(45) NOT NULL,
  `usuario` varchar(45) NOT NULL,
  `contraseña` varchar(45) NOT NULL,
  `dni` varchar(45) NOT NULL,
  `digitosdecontabilidad` int DEFAULT NULL,
  `periodo` int DEFAULT NULL,
  `ruc` varchar(45) DEFAULT NULL,
  `razon_social` varchar(45) DEFAULT NULL,
  `diferencia_debe` int DEFAULT NULL,
  `diferencia_haber` int DEFAULT NULL,
  `cuenta_igv` int DEFAULT NULL,
  `cuenta_caja` int DEFAULT NULL,
  PRIMARY KEY (`codigo`),
  UNIQUE KEY `codigo_UNIQUE` (`codigo`),
  UNIQUE KEY `usuario_UNIQUE` (`usuario`)
) ENGINE=InnoDB AUTO_INCREMENT=4 DEFAULT CHARSET=utf8mb4 COLLATE=utf8mb4_0900_ai_ci;
/*!40101 SET character_set_client = @saved_cs_client */;

--
-- Dumping data for table `usuario`
--

LOCK TABLES `usuario` WRITE;
/*!40000 ALTER TABLE `usuario` DISABLE KEYS */;
INSERT INTO `usuario` VALUES (1,'anghello','villegas','jeanp','anghello','12345678',5,1,'10123456782','Sistemas Contables',67611,77611,40111,10111),(2,'jander','villajuan','janderjoshi','nhabjabdjbsd','12345678',3,NULL,NULL,NULL,NULL,NULL,NULL,NULL),(3,'Alejandro','Castillo','lapicito','votaporellapiz','75896523',5,1,NULL,NULL,NULL,NULL,NULL,NULL);
/*!40000 ALTER TABLE `usuario` ENABLE KEYS */;
UNLOCK TABLES;
/*!40103 SET TIME_ZONE=@OLD_TIME_ZONE */;

/*!40101 SET SQL_MODE=@OLD_SQL_MODE */;
/*!40014 SET FOREIGN_KEY_CHECKS=@OLD_FOREIGN_KEY_CHECKS */;
/*!40014 SET UNIQUE_CHECKS=@OLD_UNIQUE_CHECKS */;
/*!40101 SET CHARACTER_SET_CLIENT=@OLD_CHARACTER_SET_CLIENT */;
/*!40101 SET CHARACTER_SET_RESULTS=@OLD_CHARACTER_SET_RESULTS */;
/*!40101 SET COLLATION_CONNECTION=@OLD_COLLATION_CONNECTION */;
/*!40111 SET SQL_NOTES=@OLD_SQL_NOTES */;

-- Dump completed on 2023-03-04  9:09:54
